<?xml version="1.0" encoding="UTF-8"?>
<jdbc:descriptor wsdlLocation="RegistraTecnico.sql.wsdl" targetNamespace="urn:intalio.com:connectors:database:proyectosoporte:registratecnicoservice" xmlns:jdbc="http://bpms.intalio.com/connectors/jdbc/">
    <jdbc:service name="RegistraTecnicoService">
        <jdbc:operation name="urn:RegistraTecnico" sqlStatement="update tbsolicitudatencion set TecResponsable = ? where id = ?" event="false" dynamicCredentials="true" xmlns:urn="urn:intalio.com:connectors:database:proyectosoporte:registratecnicoservice">
            <jdbc:input>
                <jdbc:parameter>
                    <jdbc:mode>1</jdbc:mode>
                    <jdbc:name>TecResponsable</jdbc:name>
                    <jdbc:type>40</jdbc:type>
                    <jdbc:length>10</jdbc:length>
                    <jdbc:typeName xsi:nil="true" xmlns:xsi="http://www.w3.org/2001/XMLSchema-instance"/>
                    <jdbc:precision>0</jdbc:precision>
                    <jdbc:scale>0</jdbc:scale>
                    <jdbc:nullable>false</jdbc:nullable>
                    <jdbc:index>0</jdbc:index>
                </jdbc:parameter>
                <jdbc:parameter>
                    <jdbc:mode>1</jdbc:mode>
                    <jdbc:name>id</jdbc:name>
                    <jdbc:type>40</jdbc:type>
                    <jdbc:length>10</jdbc:length>
                    <jdbc:typeName xsi:nil="true" xmlns:xsi="http://www.w3.org/2001/XMLSchema-instance"/>
                    <jdbc:precision>0</jdbc:precision>
                    <jdbc:scale>0</jdbc:scale>
                    <jdbc:nullable>false</jdbc:nullable>
                    <jdbc:index>1</jdbc:index>
                </jdbc:parameter>
            </jdbc:input>
            <jdbc:filter rowsToSendService="1" rowsToFetch="-1" duration="-PT1S">
                <jdbc:unique scope="none"/>
            </jdbc:filter>
            <jdbc:output/>
        </jdbc:operation>
        <jdbc:port>
            <jdbc:address location="http://localhost:8080/ode/processes/RegistraTecnicoService"/>
        </jdbc:port>
        <jdbc:connection jndiName="java:comp/env/jdbc/">
            <jdbc:databaseProductName>MySql</jdbc:databaseProductName>
            <jdbc:databaseProductVersion>5.0</jdbc:databaseProductVersion>
            <jdbc:driverClass>com.mysql.jdbc.Driver</jdbc:driverClass>
            <jdbc:databaseUrl>jdbc:mysql://localhost:3306/oite</jdbc:databaseUrl>
            <jdbc:databaseName>oite</jdbc:databaseName>
            <jdbc:userName>root</jdbc:userName>
            <jdbc:password>developer</jdbc:password>
        </jdbc:connection>
    </jdbc:service>
</jdbc:descriptor>